{
    "batch_size": 128,
    "best_eval_metric": 0.005158797837793827,
    "best_increase_batch_size_eval_metric": Infinity,
    "best_reduce_learning_rate_eval_metric": Infinity,
    "epoch": 20,
    "last_improvement": 4,
    "last_improvement_epoch": 16,
    "last_increase_batch_size": 0,
    "last_increase_batch_size_epoch": 0,
    "last_increase_batch_size_eval_metric_improvement": 0,
    "last_learning_rate_reduction": 0,
    "last_learning_rate_reduction_epoch": 0,
    "last_reduce_learning_rate_eval_metric_improvement": 0,
    "learning_rate": 0.001,
    "num_increases_batch_size": 0,
    "num_reductions_learning_rate": 0,
    "steps": 4260,
    "test_metrics": {
        "combined": {
            "loss": [
                0.02841075323522091,
                0.013732749968767166,
                0.009448410011827946,
                0.0074071381241083145,
                0.006334170699119568,
                0.006047604139894247,
                0.004891932941973209,
                0.004436890594661236,
                0.006481984630227089,
                0.004211083985865116,
                0.005793428048491478,
                0.008688495494425297,
                0.0040866839699447155,
                0.00421597994863987,
                0.003957699052989483,
                0.0039470018818974495,
                0.00408564880490303,
                0.004052761010825634,
                0.0039745778776705265,
                0.004140571225434542
            ]
        },
        "temperature": {
            "error": [
                -0.001731390948407352,
                -0.0010629723547026515,
                -0.01484488882124424,
                0.016442427411675453,
                -0.014209570363163948,
                0.020574156194925308,
                0.015089541673660278,
                0.0060501908883452415,
                0.04655144736170769,
                -0.00359896756708622,
                0.04330461472272873,
                0.06719491630792618,
                0.002395291579887271,
                -0.009798971004784107,
                0.006536532659083605,
                -0.0013750335201621056,
                0.004651997238397598,
                -0.012285999953746796,
                -0.01062103547155857,
                0.016965830698609352
            ],
            "loss": [
                0.03030489943921566,
                0.015157909132540226,
                0.010550836101174355,
                0.008290463127195835,
                0.006995067000389099,
                0.006546300370246172,
                0.005612863227725029,
                0.005051324609667063,
                0.007003279868513346,
                0.004735756665468216,
                0.006504112388938665,
                0.009129581972956657,
                0.004616663325577974,
                0.004646452143788338,
                0.004534534644335508,
                0.004561043344438076,
                0.004664206877350807,
                0.004708047956228256,
                0.004611731506884098,
                0.004770955536514521
            ],
            "mean_absolute_error": [
                0.1328139305114746,
                0.09229852259159088,
                0.07614453136920929,
                0.06718343496322632,
                0.06128153204917908,
                0.0591404065489769,
                0.053952574729919434,
                0.05000638589262962,
                0.06458834558725357,
                0.048106517642736435,
                0.061552464962005615,
                0.07785815745592117,
                0.04737396538257599,
                0.04810572788119316,
                0.046934790909290314,
                0.04648301377892494,
                0.04801914468407631,
                0.04775801673531532,
                0.04711379483342171,
                0.04901546984910965
            ],
            "mean_squared_error": [
                0.030304905027151108,
                0.015157910995185375,
                0.010550836101174355,
                0.008290460333228111,
                0.006995068863034248,
                0.006546298507601023,
                0.005612861830741167,
                0.005051322281360626,
                0.007003278937190771,
                0.0047357575967907906,
                0.006504111923277378,
                0.009129581972956657,
                0.004616663325577974,
                0.00464645167812705,
                0.004534534644335508,
                0.004561044275760651,
                0.00466420641168952,
                0.004708048887550831,
                0.0046117305755615234,
                0.004770956002175808
            ],
            "r2": [
                0.9662836790084839,
                0.9831436276435852,
                0.9882668852806091,
                0.990780234336853,
                0.9922231435775757,
                0.9927206635475159,
                0.9937577843666077,
                0.9943840503692627,
                0.9922101497650146,
                0.9947372078895569,
                0.9927643537521362,
                0.9898428320884705,
                0.9948702454566956,
                0.9948366284370422,
                0.9949601292610168,
                0.99493008852005,
                0.9948161840438843,
                0.9947680830955505,
                0.9948745965957642,
                0.9946990609169006
            ]
        }
    },
    "train_metrics": {
        "combined": {
            "loss": [
                0.04685146361589432,
                0.02596905268728733,
                0.019259383901953697,
                0.015660516917705536,
                0.013737069442868233,
                0.012751840986311436,
                0.011469090357422829,
                0.010809321887791157,
                0.012556004337966442,
                0.01036239042878151,
                0.011981475166976452,
                0.014539841562509537,
                0.010167093947529793,
                0.010252386331558228,
                0.010019614361226559,
                0.01000673696398735,
                0.010096358135342598,
                0.010078459978103638,
                0.009958764538168907,
                0.010055748745799065
            ]
        },
        "temperature": {
            "error": [
                -0.005900955758988857,
                -0.002381765516474843,
                -0.01604926399886608,
                0.014368126168847084,
                -0.014304383657872677,
                0.019250717014074326,
                0.013474047183990479,
                0.005454871337860823,
                0.044541582465171814,
                -0.004205299075692892,
                0.04099344089627266,
                0.06478580087423325,
                0.0019458855967968702,
                -0.010501899756491184,
                0.0055655804462730885,
                -0.0024061910808086395,
                0.003616232657805085,
                -0.012316319160163403,
                -0.010494590736925602,
                0.016921719536185265
            ],
            "loss": [
                0.048241179436445236,
                0.026694782078266144,
                0.019653651863336563,
                0.01594148948788643,
                0.013879724778234959,
                0.012856499291956425,
                0.011647654697299004,
                0.010943287052214146,
                0.01259531732648611,
                0.010489788837730885,
                0.012052980251610279,
                0.014492424204945564,
                0.010254747234284878,
                0.010323506779968739,
                0.010103297419846058,
                0.010121729224920273,
                0.010196964256465435,
                0.010160778649151325,
                0.01001647301018238,
                0.010127576999366283
            ],